influencer_username,post_reel_link,likes,comments,views,caption,followers,total_posts,following,engagement_score
jimballdesigns,https://www.instagram.com/p/DNsqZqxXE6I/,21,1,0,"The earring you have to haveğŸ’™

Style:  Grace 

#jimballdesigns #sherrihill #rhinestoneearrings #prom #pageant #promjewelry #homecoming",5606,1688,2389,23.0
shopthevu118,https://www.instagram.com/p/DNsot7K2hcL/,74,2,0,"ğŸ’œ Lavender dreams in Sherri Hill âœ¨ 

The perfect mix of lace + satin makes this look classic, dreamy & totally HOCO ready! ğŸ‘—ğŸ’« Available in multiple colors so you can find your perfect vibe.

â° Shop today 11â€“5p! Just a heads upâ€”thereâ€™s an event downtown, so plan your visit accordingly. ğŸ’–

Celebrate Mount Airy is todayâ€” the streets will be closing at 4pm with limited parking, clients after 4pm will have to park at Calvary United Methodist Church.

#hoco #homecoming #dress #lavender #lavenderdress #cocktaildress #sherrihill #specialoccasion #shopthevu #pageant #glam",9412,2740,6758,78.0
girligirl_boutique,https://www.instagram.com/p/DNtzChI5JeV/,2735,5,0,"Your favorite prom dresses are available for homecoming ğŸ¤© Shop the Sherri Hill Fall 2025 Collection today at Girligirl Boutique ğŸ’—

#girligirlboutique #girligirl #sherrihill #hococourt #promdress #longdress #promdresses #dreamdress #sherrihilldress #homecoming #hocoishere #hoco #hocodress #homecomingdress #hocoseason #hocoszn #hocoshopping",582755,6934,1048,2745.0
rubiaazeredo,https://www.instagram.com/p/DNstW79YpuV/,118,22,0,"VI Gala LaBluh 2025âœ¨

Photo: @samuel.aphoto 
Makeup: @nara_makeup143 
Hair: @lessadeivison 
Dress: @sherrihill @theultimateprom 
Venue: @victoriahallplaza @victoriahallvenue 
Event manager: @thalespaulino @rocketman.fun

#mompreneur #mom #esthetics #businesswoman #reallife #boss #ceo #mulheresdenegocio #mulheresempreendedoras #gala #promdress #yellowdress #sherrihill #labluh #galalabluh2025",54890,752,1994,162.0
viperapparelprom,https://www.instagram.com/p/DNtSe7T3PT9/,30,0,0,"Timeless Elegance ğŸ•‘âœ¨ğŸ’‹

Serving red carpet energy in this satin @sherrihill âœ¨ Bold red, sleek style, and a slit that does all the talking ğŸ¥° a great choice for any special occasion!

#sherrihill #sherrihillprom #prom #hoco #dress #reddress #red #vipergirl #viperapparel #michigan",17193,5215,1795,30.0
elanformalsandboutique,https://www.instagram.com/p/DNsfQYW3Jgn/,14,0,0,"â¤ï¸ğŸ‘‘Come shop all of our New Little Girl Arrivals along with so much more today 10-4 pmğŸ‘‘ğŸš¨

ğŸš¨ğŸš¨ğŸš¨TOP DESIGNS from SHERRI HILL, ASHLEY LAUREN, JOHNATHAN KAYNE, RACHEL ALLAN, TARIK EDIZ, PRIMAVERA, AVA PRESLEY, JOVANI, HOUSE OF WU, AMARRA, ALYCE PARIS & More

ğŸ›ï¸ New shipments arriving daily! 

ğŸ’— ğŸ‘— ğŸ’—ğŸ‘‘We are the place for ALL your PAGEANT Needs including SPRAYTANS!!

ğŸ‘—Free In-House Layaway and Afterpay options available to make purchasing easier!!

ğŸ’We have a HUGE selection of jewelry including styles from our favorite @jimballdesigns and many more! We also offering a great selection of shoes from @benjaminwalkshoes and @marcdefang 

ğŸ‘‘ Our Elan Formals team canâ€™t wait to help your girl feel like a QUEEN! ğŸ’—ğŸ‘— 

â°No Appointments Necessary! 
Open Monday-Friday 10-5
Saturday 10-4
Sunday By Appointment Only

ğŸ“29 S Court Square Suite A Andalusia, Al 36420

ğŸ›ï¸Shop online 24/7 @ www.elanformals.com>>>WE SHIP

#shopelaninandalusia #elanformalsandboutique #elanformals #wheredistinctionmeetselegance #wedressthebest #sayyestothedress #fall2025 #homecoming #hoco2025 #fallfashion #sherrihill #johnathankayne #avapresley #jovani #ashleylauren #shortdresses #shoplocal #shopsmall #shopandalusia",4878,4609,2056,14.0
runwayfashionsboutique,https://www.instagram.com/p/DNtpFyiZKMo/,19,1,0,"No better color than ğŸ’–PINKğŸ’– #sherrihill In store now! 
â€¢
â€¢
#shopping #sayyestothedress #shopsmall #smallbusiness #smallbusinessowner #shopsmallbusiness #supportsmallbusiness #supportlocal #fashion #dress #dresses #like #follow #ootd #followme #beautiful #instagood #photooftheday #style #fashion #fashionstyle #fashionblogger #fashionista #fashionable #styleblogger #fashiondesigner #homecoming #hoco #homecomingdress #viral",7823,4999,2481,21.0
sloansformals,https://www.instagram.com/p/DNs9RMaXOA7/,5,0,0,"New Sherri Hill dresses just arrived for Sloanâ€™s Formals!âœ¨ Come check out the latest styles and find your dream dressğŸ’—
Check out this Sherri Hill 57282 in a size 2 at our mall locationğŸ¤©ğŸ–¤ğŸ¤ğŸ‘ 

#sherrihill #sloansformals #sloansformalsandboutique #bowdetails #shreveportfashion #shoplocal #shop #formals #homecoming2025 #homecoming",5395,2117,1208,5.0
haley.lu_,https://www.instagram.com/p/DNrR18i5EC7/,3,22,0,"Evening Gown! ğŸ§¡

#eveninggown #orangedress #pageantry #fyp #explore #sherrihill #sherrihilldress #prom",2800,34,1826,47.0
alwaysforevergirl,https://www.instagram.com/p/DNrQDau3OG9/,70,0,0,"The wait is overâ€¦HOCO SZN IS HERE!! ğŸ¤©ğŸ’™âœ¨

Every size & color & style for homecoming court and the dance is waiting for you at Always & Forever! Prebook your fitting room for less wait time (weâ€™ve opened more appointments for tomorrow!) Lock in your hoco look today, linkâ€™s in bio! 

#alwaysforevergirl #hoco #homecoming #hocodress #sherrihill",22172,5664,7145,70.0
nataliem_studio,https://www.instagram.com/p/DNt2mrDXCY-/,10,0,0,Everythingâ€™s coming up roses this Homecoming Season. We have all of the prettiest posies in store now. Text 913 469 0888 to request a personal appointment. #lovenataliem #sherrihill #sherrihillhoco #hoco25 #sherrihillhomecoming #nataliemstudio,600,135,735,10.0
missprissgowns,https://www.instagram.com/p/DNspY5DXIJo/,48,0,0,"Sherri Hill florals are our favğŸŒ¸

#missprissgowns #sherrihill #floralprint #gownmansion #prom #pageant #homecoming",74682,4120,40,48.0
copperpennyoflondon,https://www.instagram.com/p/DNt30AzUoj5/,10,1,0,"TCP Babe @missmakenziem, Slaying in her ASHLEYLauren & Sherri Hill cocktails at @usaambassador #tcpbabe #wedressthebestâ¤ï¸ #ashleylauren #sherrihill #dress #pageant #thecopperpennyoflondon #cocktaildress #hoco #teamfabulous",4532,3652,3092,12.0
shopcharmboutiqueohio,https://www.instagram.com/p/DNoyIIat2oB/,4,0,0,"@sherrihill New Arrivals! 
Donâ€™t miss your Dream Dress
Open Friday 12-5
ğŸ“ 404 E Huron st Jackson, Ohio
#sherrihill #hoco",1795,5087,248,4.0
dar_maya,https://www.instagram.com/p/DNq5TiCu0sd/,3,1,0,"â¨ â¨ â¨ Sherri Hill
Ø¯Ø§Ø± Ù…Ø§ÙŠØ§ Ø§Ù„ÙˆÙƒÙŠÙ„ Ø§Ù„ÙˆØ­ÙŠØ¯ Ù„Ù…Ø§Ø±ÙƒØ© Ø´ÙŠØ±ÙŠ Ù‡ÙŠÙ„ Ø§Ù„Ø§Ù…Ø±ÙŠÙƒÙŠØ© 
â€â€â€ Ù„Ù„Ø§Ø³ØªÙØ³Ø§Ø± Ø§Ù„Ø±Ø¬Ø§Ø¡ Ø§Ù„Ø§ØªØµØ§Ù„ Ø§Ùˆ Ø§Ø±Ø³Ø§Ù„ Ø±Ø³Ø§Ù„Ø© Ú¤Ø§ÙŠØ¨Ø± Ø§Ùˆ ÙˆØ§ØªØ³ Ø§Ø¨ Ø¹Ù„Ù‰ Ø§Ù„Ø§Ø±Ù‚Ø§Ù… Ø§Ù„Ø§ØªÙŠØ©:
0910448328
0917852879
0925519454
ğŸ“Ø¹Ù†ÙˆØ§Ù† Ø¯Ø§Ø± Ù…Ø§ÙŠØ§ Ø¹Ù„Ù‰ Ø®Ø±Ø§Ø¦Ø· Ø¬ÙˆØ¬Ù„ 
https://maps.app.goo.gl/s3gNLgiHUC2mE7ybA?g_st=ic
#Ø­ÙŠ_Ø§Ù„Ø§Ù†Ø¯Ù„Ø³ #darmaya #sherrihill #sherrihillprom #sherrihillcouture  #Ø¯Ø§Ø±Ù…Ø§ÙŠØ§_Ø§Ù„ÙˆÙƒÙŠÙ„_Ø§Ù„ÙˆØ­ÙŠØ¯_ÙÙŠ_Ù„ÙŠØ¨ÙŠØ§â©â©â©â©â©â©â©â©â©â©â©â©â©â©â©â©",129377,5239,6303,5.0
afinermomentspokane,https://www.instagram.com/p/DNqzgELSxmo/,85,0,0,"âœ¨We have all the sparkle and ruffles you could dream of!

ğŸ‘—Itâ€™s homecoming season! Donâ€™t wait! Shop early to pick your dream dress for homecoming or homecoming court! 

ğŸ›ï¸Shop our exclusive designers like Sherri Hill, Scala, and Alyce! 
 
ğŸ“Come visit us today right off of Division street in Spokane, Washington (15 minutes north of downtown Spokane). 

ğŸ”—Click the link in our bio to make an appointment! 
â€¢
#afinermomentspokane #dress #dresses #hoco2025 #shortdresses #shortdress #hoco2025dress 
#homecoming #spokane #pnw #washington #afinermoment #smallbusiness #supportsmallbusiness #shoplocal #sherrihill #sherrihillhomecoming #sherrihilldress",7537,2646,508,85.0
dressedupbybellamia,https://www.instagram.com/p/DNqtGOKx9Mw/,36,0,0,"We ğŸ©· this cutie little fairy princess dress!!! Sheâ€™s one of a kind, so if you like her at all be sure to come snatch it up! Itâ€™s a size 6 sherri hill!
â€¢
â€¢
â€¢
#hoco25 #homecoming2025 #sherrihill #floraldress #shortformal #smallbusiness #dressedupbybellamia",4340,1362,515,36.0
classythreads_sf,https://www.instagram.com/p/DNq2CV5y_e6/,11,0,0,"In LOVE with this floral @sherrihill !! Perfect for HOCO courtâ€¦ and never too early to start looking for prom ğŸ˜‰ğŸ’ğŸŒ¸
-
-
-
ğŸ›ï¸Come shop with usğŸ›ï¸ğŸ“ Call 251-219-4350 to place your order! Say yes to the perfect dress todayğŸ‘—
-
-
-
ğŸU.S SHIPPINGğŸ
-
-
-
â° Appointments & walk-ins are now open to come shop in person! We have the perfect dress for any upcoming event.
-
-
-
ğŸ“ We are located in Eastern Shore Centre: 30500 AL-181 Suite 314, Spanish Fort, AL 36527
-
-
-
 #classythreads #classythreadsbridalandformal #hoco #homecoming #homecomingdress #explorepage #trending #sherrihill #prom #hococourt #spanishfort #mobile",763,856,122,11.0
missamericanh,https://www.instagram.com/p/DNpCUols288/,152,7,0,"Special Delivery! ğŸ˜
Today I picked up my CUSTOM SHERRI HILL GOWN at our sponsor, 125 Bridal! It is exactly as Iâ€™ve always envisioned my Miss America gown would look like! I canâ€™t wait to debut it to you all soon! 
Put your color guesses in the comments! 

#missamerica #missamericaorganization #missamericaopportunity #missnewhampshire #missnh #125bridal #sherrihill #custom #eveninggown #gown",10014,2796,1129,166.0
theseamstresss_,https://www.instagram.com/p/DNqbB4Bu_tM/,16,5,0,"Our stunning @ash_xoxo_girl captured hearts and the crown! ğŸ‘‘ Congratulations on winning the title of Miss Pawleys Island Junior High! ğŸ˜âœ¨ We couldnâ€™t be more proud to see you shine in this beautiful gown, altered with love and care! ğŸ¥° Watching our clients step into their moment with such confidence is the greatest reward. ğŸ™ğŸ»

We love what we do! â™¥ï¸ğŸª¡

Alterations: @theseamstresss_ 
Gown Boutique: @shopfoxylady 
Gown: @sherrihill 
HMU: @teamelevatedartistry 

#pageant #pageantgirl #pageantqueen #sherrihill #theseamstressmb #dressalterationsmyrtlebeach #pageantalterationssouthcarolina #pageantalterations",2731,661,966,26.0
peaches_boutique,https://www.instagram.com/p/DNqVprtRPBP/,3,0,0,"Pretty in Pink

ğŸ’•ğŸ€ğŸ’–ğŸ’•ğŸ€ğŸ’–

ğŸ—ºï¸ Visit the worldâ€™s largest dress store in Chicago at 5915 S. Archer Ave Chicago, Il 60638! Canâ€™t make it to Chicago? Check out our  peachesboutique.com!

âœ¨ Want more information need help placing an order or checking stock? Call us at (773) 582 - 0102 âœ¨

ğŸ‘— @sherrihill 
ğŸ“¸ @itsalessandra21 
ğŸ¨ @gibbsrounsavallart 

#reel #hoco2025 #homecoming #homecoming2025 #sherrihill #dress #peachesboutique #chicago",62603,5278,241,3.0
rsgformals,https://www.instagram.com/p/DNqtiMXP1bZ/,148,1,0,We LOVE Jadynâ€™s whole look she served at the Fentress County Fair Pageant! ğŸ’›ğŸ’›ğŸ’›She was absolutely glowing in this champagne Sherri Hill gown! Thank you for coming to us for your pageant gown! #fentresscountyfair #fairpageants #pageantgirl #pageantlife #promandpageant #sherrihill #sherrihilldress,8874,3535,667,150.0
talkformals,https://www.instagram.com/p/DNoPK_-u0AA/,3,1,0,"This @sherrihill cocktail is straight out of a fairytale!ğŸŒ¸âœ¨
â€¢
â€¢
â€¢
#TALKformals #letthemTALK #sherrihill #homecoming #homecomingdress #batonrouge",1778,340,181,5.0
violetspromandpageant,https://www.instagram.com/p/DNpRBdyvkif/,54,1,0,ğŸŒŠğŸ‹Violets is bringing Italian summer vibeğŸ‹ğŸŒŠ! Sherri hill style 57297 yellow size 4 and style 57296 size 6! @sherrihill #sherrihill #hoco #viraldress #homecomingdress #cocktaildress #fyp #violets #violetsbabe,63635,1036,2453,56.0
weddinglacetx,https://www.instagram.com/p/DNoDgimuUEs/,35,6,0,"âœ¨ Weâ€™re OBSESSED âœ¨ with this new Sherri Hill arrival! Sheâ€™s giving full-on girly girl vibes ğŸ’› and trust usâ€¦ she wonâ€™t be hanging on the rack for long.

ğŸ‘— Shop with us today before sheâ€™s gone!

â° Business Hours:
Monâ€“Fri: 11 AM â€“ 7 PM
Sat: 10 AM â€“ 3 PM
Sun: 1 PM â€“ 4 PM (âœ¨Closed this Sundayâœ¨)

#sherrihill #HOCO2025 #hocodress #Homecoming #weddinglacetx",14160,8641,1760,47.0
shopmckenziejades,https://www.instagram.com/p/DNoMISYPOE1/,120,1,0,"We posted Cinderellaâ€™s pageant dress the other day, and now we have Barbieâ€™s ğŸ©·ğŸ€ğŸ©· 

ğŸ‘‘ This dress is #CrownWorthy!! From the bold hot pink color to those flirty ruffle sleeves and sparkling beaded bodice, itâ€™s the kind of gown that will have everyone talking the second you hit the stage. If youâ€™re looking for a dress that screams confidence, fun, and main character vibes, this is the one.

âœ¨ Donâ€™t wait until itâ€™s goneâ€”book your pageant appointment now and letâ€™s find the dress that helps you shine your brightest! ğŸ’–

#shopmckenziejades #jadegirl #racetothecrown #pinkdress #pageantqueen #pageantgown #pageantry #pageantdress #pageantgirl #pinkaesthetic #pink #hotpink #sherrihill #sherrihillcouture #sherrihilldemicouture",39181,3329,5997,122.0
gilbertspromandformal,https://www.instagram.com/p/DNnykNPRRe2/,25,0,0,"Hey Girl, your hoco dress is waiting on youğŸ¤©ğŸ’›âœ¨ Weâ€™re open today 11-6!! Shop hundreds of this seasonâ€™s top styles at Gilbertâ€™s!

Walk-ins welcome or book an appointment using the link in our bioğŸ«¶
ğŸ“4524 Forsyth Rd. Suite 106 Macon, GA

STORE HOURS
TUES-FRI (11-6)
SAT (10-4)
.
.
.
#sherrihill #sherrihilldress #homecomingdress #homecoming #homecomingdresses #homecomingseason #gilbertgirls #maconga #formalwear #formaldress",833,358,30,25.0
fatimacuellar7fan,https://www.instagram.com/p/DNmeqPytlU5/,3,1,0,"Our queen @fatimacuellar7 walked for @sherrihill 
ğŸ“¸ @shelacooper 
*
*
*#missuniverse #model #sherrihill #elsalvador",551,21,1184,5.0
annalestwicechosen,https://www.instagram.com/p/DNoMU36xrrF/,10,0,0,"Sherri Hill Beauty! ğŸ’•ğŸ’ğŸ’• 

#prom #sherrihill #ruffles #promdresses #fy #fypage #fyp",2421,3958,63,10.0
larasbridals1986,https://www.instagram.com/p/DNmpsBbMz5O/,22,0,0,"We are in LOVE with this #newarrival for Homecoming! ğŸ˜ @sherrihill 
.
#hoco #hocodress #homecoming #shortdress #red #reddress #sherrihill #larasmodel @alicia_marie009",444,84,217,22.0
theultimateprom,https://www.instagram.com/p/DNncVxcOF_Y/,3,3,0,"Fashion + friendship = the perfect look ğŸ’«ğŸ€

ğŸª½ @theparisalicia @ariel_sandoval_manolakos @kalliemcneill @vanxssamarie 
ğŸ‘— @sherrihill 

-
#sherrihill #besties #friends #girls #sisterhood #girlsjustwannahavefun #fun #pink",15132,4631,1129,9.0
kotsovosprom,https://www.instagram.com/p/DNn7bNGILXh/,46,0,0,"Homecoming 2025 is in store nowâœ¨ shop from the latest styles from top designers exclusively at âœ¨KOTSOVOSâœ¨
.
.
.
ğŸ“¸: @chachingduhding 
#kotsovos #prom #kotsovosprom #sherrihill #sherrihilldress #hoco #homecoming #hocodress #pinkdress #pink #fyp",23161,2119,324,46.0
normansbridal,https://www.instagram.com/p/DNlC4OXOXHB/,79,3,0,"Feel like a golden goddess in our favorite @sherrihill âœ¨ğŸ¤©

Book your Hoco appointment now at www.normansbridal.com ğŸ¤

#hoco #hoco2025 #homecoming #homecoming2025 #hocodress #homecomingdress #sherrihill",20519,3013,1180,85.0
themsvictorycoed,https://www.instagram.com/p/DNlM78eRKFK/,53,6,0,"As we count down to Nationals, I'll be participating in the MAC Social Media Challenge. Here's Day 1 - Favorite Competition ğŸ‘‘

I meannnnnn, just LOOK at this gown! ğŸ˜ I felt like a true queen walking on stage in it, and it was an Overall Eveningwear winner, so I think it's safe to say the Eveningwear Competition is my favorite ğŸ˜˜

It's not often that we get to be this elegant, so I truly appreciate it and soak in every second I can up there! 

What's your favorite area of competition?

#missamericancoed #missamericancoedpageants #macpageants #eveningwear #competition #socialmediachallenge #freedomtobeme #mspageants #elegant #eveninggown #gown #pageant #pageantry #ashleylauren #sherrihill",255,139,178,65.0
poshpromokc,https://www.instagram.com/p/DNjwZNdt_XX/,3,2,0,Crown-worthy & red hot ğŸ”¥ğŸ‘‘ #homecomingcourt #dress #red #reddress #homecoming #sherrihill,3810,751,1032,7.0
chantillybridal,https://www.instagram.com/p/DNlcA0ix3De/,3,0,0,"We ğŸ’– homecoming season!

âœ¨Thousand + in stock now
ğŸ“Location: Chantilly Bridal 543 Main Street Russell Springs, Kentucky 42642
ğŸ›ï¸Shop in store (no appointment needed for prom)
âœ¨Store Hours: CST
Monday-Friday 10am-5pm
Saturday 10am-3pm
.
.
.
.
.
.
#prom #prom2026 #promdress #promdress2026 #dress #chantilly #chantillyprom #chantillybabe #promstore #promdresses #promideas #homecomingdress #homecoming #homecoming2026 #hoco2026 #promlook #promstyle #hotdress #prettydress #formaldress #prominspo #promdressideas #fashion #promdressshop #promdressshopping #promdressesforsale #promdressfashion #sherrihill #sherrihilldress",28825,2129,40,3.0
bellaboutiqueknoxville,https://www.instagram.com/p/DNjfQ4pNVDh/,126,1,0,"Shopping for Homecoming Court?? We have you covered!! Shop Sherri Hill IN STORE now or online at BellaBoutique.com ğŸ’ğŸ›ï¸

âœ… Shop stress free knowing that you are GAURENTEED a one of a kind dress! We register ALL dresses so do not worry about accidentally twinning ğŸ’ğŸ¼â€â™€ï¸ 

ğŸ‘— Bella Boutique is the ONLY authorized seller of Sherri Hill in Knoxville! You are gaurenteed an authentic gown with the highest resale value! 

â¡ï¸ Not your size? No worries! We offer special orders delivered for your convenience! 

#homecoming #hoco #winterformal #hocodress #sherrihill #sherri #sherrihillprom #sherrihilldress #sherrihillcouture #sherrihillstyle #hoco2025 #homecomingdress #shopnow",69875,5312,6949,128.0
queenschoice,https://www.instagram.com/p/DNi4BOqR6IE/,3,0,0,"The collar on this @sherrihill makes this dress the perfect balance of professional and fun - and perfect to celebrate the first day of school!!âœ¨ğŸ“šâœï¸ğŸ““

We hope everyone has the best year! Donâ€™t forget to come see us to find the perfect dresses for all of your school dances!ğŸ‘—

#sherrihillhoco #sherrihilldress #sherrihill #homecomingshopping #homecomingdress #homecoming #homecoming2025 #homecoming25 #hocoshopping #hoco2025 #hocodress #hcoc25 #jimball #qcgurl #queenschoice",12621,4360,5529,3.0
formalapproach,https://www.instagram.com/p/DNgyjiSNjWI/,3,0,0,gold rush âœ¨ğŸ’› @sherrihill #FormalApproach #love #obsessed #gorgeous #style #fashion #gold #golddress #sparkle #shortdresses #hoco #hoco2025 #hoco25 #hocodresses #homecomeing #sherrihill #sherrihill_57338,16787,9406,1288,3.0
cocoschateau,https://www.instagram.com/p/DNgyjeNNs6J/,2,0,0,gold rush âœ¨ğŸ’› @sherrihill #CocosChateau #NewJersey #NorthJersey #SouthJersey #love #obsessed #gorgeous #style #fashion #gold #golddress #sparkle #shortdresses #hoco #hoco2025 #hoco25 #hocodresses #homecomeing #sherrihill #sherrihill_57338,21251,1426,584,2.0
official.raylynnkubik,https://www.instagram.com/p/DNg-ZBJxokR/,66,0,0,"Built to Rise, Born to Reign. ğŸ‘‘

#sherrihill #nataliem #queen #photoshoot #featuremodel #stylesquad #queenstatus #pageantgirl #pageantqueen",681,293,369,66.0
a_pinkboutique,https://www.instagram.com/p/DNgyjZSNiUY/,7,0,0,gold rush âœ¨ğŸ’› @sherrihill #APinkBoutique #love #obsessed #gorgeous #style #fashion #gold #golddress #sparkle #shortdresses #hoco #hoco2025 #hoco25 #hocodresses #homecomeing #sherrihill #sherrihill_57338,5415,3909,7166,7.0
shopfoxylady,https://www.instagram.com/p/DNhEUuXMDwm/,38,0,0,"Slaying. Per usual. ğŸ’…ğŸ¼ğŸ–¤ğŸ˜‡ @sherrihill 
â€¢
â€¢
â€¢
â€¢
#shopfoxylady #pageant #dress #outfit #myrtlebeach #ootd #wedresswinners #since1972 #fashion #model #southcarolina #sayyestothedress #pageant2025 #topsellers #pageantinspo #pageantdress #pageantdressinspo #pageantdresses #couture #funfashion #eveninggown #winner #pageantqueen #sherrihill",25497,7389,2676,38.0
internationalprom,https://www.instagram.com/p/DNgyj0XNvu8/,1,0,0,gold rush âœ¨ğŸ’› @sherrihill #InternationalProm #IPAProm #love #obsessed #gorgeous #style #fashion #gold #golddress #sparkle #shortdresses #hoco #hoco2025 #hoco25 #hocodresses #homecomeing #sherrihill #sherrihill_57338,10476,11064,616,1.0
cliftons_couture,https://www.instagram.com/p/DNhP8n-tEfH/,1,0,0,"This fitted strapless cocktail dress features intricate lace appliquÃ© throughout, creating a delicate and sophisticated texture. A charming bow adorns the chest, adding a refined focal point to the silhouette. Designed to flatter the figure, this dress combines elegance with a modern edge, perfect for upscale events and special occasions in blush, size 2 - $459. 

25573592
#cliftonscouture #sherrihill #hoco # #homecoming #courtwarming #winterfest #winterformal",1149,4073,133,1.0
patriciasbrooksville,https://www.instagram.com/p/DNgyjkgNd51/,4,0,0,gold rush âœ¨ğŸ’› @sherrihill #PatriciasBoutique #Patricias #love #obsessed #gorgeous #style #fashion #gold #golddress #sparkle #shortdresses #hoco #hoco2025 #hoco25 #hocodresses #homecomeing #sherrihill #sherrihill_57338,2862,2844,705,4.0
promaffair,https://www.instagram.com/p/DNgQPWlpeEh/,20,0,0,"sherri hill dressesğŸ’›ğŸ’›

#2026prom #prom #grad #2026grad #2026dresses #new #newarrivals #dress #graduationdress #graddress #sherrihill #promdress2026#promdress #yegdresses #yegdress #promaffair #yeg #gradlife #graduation #yeggraddresses #promdressinspo #dresses #promaffair",1243,1487,28,20.0
dressesanddreamsllc,https://www.instagram.com/p/DNgqEjzSIsu/,77,0,0,The PEARLS ğŸ˜ğŸ˜ğŸ˜ğŸ˜ #dressesanddreams #dreamgirl #dreamdress #prom #pageant #dreamgirlsdoitbetter #hoco #nails #flowers #homecoming #shoes #prom #sherrihill #hair #promgirl #prom25 #prom2025,9967,8638,1415,77.0
promshoppe,https://www.instagram.com/p/DNgksCORaXK/,204,6,0,"It's our girl @gabriellagswift birthday, her first day of rush at college and she is just casually leaving for Miss America in like 10 days â¤ï¸ 
.
She's definitely not super busy being @missamericasteenne or anything.
.
#promshoppe #missamericasteen #missamerica #pageantfamily #pageantdresses #sherrihill",13150,2777,1432,216.0
thecastlepromandbridal,https://www.instagram.com/p/DNgHUk5RwQ4/,3,1,0,"Bold. Classic. Unforgettable. This red beauty is waiting to make her moment. â¤ï¸ğŸ‘‘ 

#thecastle #castledress #specialoccasion #sherrihill #sherrihillprom #pageant #prom #formal #formalwear #bridal #wedding #explore #fashion #redhot #style #thecastlepromandbridal #explore #spartanburgsc",10762,4527,3010,5.0
sofiaguadarramaa,https://www.instagram.com/p/DNf07a8AAph/,597,125,0,"This weekend, I won by being around inspirational women from different walks of life in the state of New York. I am so grateful to have competed with myself in the largest pageant in the country. 169 queens.ğŸ‘‘ I walked away learning so much and Iâ€™m excited for whatâ€™s next.ğŸ˜‰ Thank you from the bottom of my heart for all the words of encouragement, love, and support during this experience.â¤ï¸ There is so much more life after this and just know whatever it is that you want, itâ€™s waiting for you.ğŸ’« Keep pushing and keep rising. Never stop chasing your wildest dreams!!!! THANK YOU NEW YORK ğŸ—½ğŸ™ï¸
â€¢
â€¢
â€¢
#MissNewYorkUSA #MissUSA #DreamChaser #NewYork #EveningGown #Pageant #MisUniverse #pageantlife #pageantqueen #SherriHill #sherrihilldress",3545,333,2336,847.0
sherri_hill_polska,https://www.instagram.com/p/DNdsHCHMcKU/,106,2,0,"Black #style ğŸ–¤

1. Czarna mini z pereÅ‚kami 5 000 PLN
2. Suknia z kamieniami model #exclusive 14 500 PLN
3. Suknia z krysztaÅ‚kami Black/gold 4 000 PLN
4. Kombinezon z srebrnymi krysztaÅ‚ami 4 000 PLN 
5. Satynowa suknia z krzyÅ¼owanym gorsetem 3 500 PLN
6. Suknia z krysztaÅ‚ami i kokardÄ… 6 000 PLN

__________
#sherrihill #black #dress #blackstyle #czarnasukienka #minisukienka #inspo #salonsukien #krakÃ³w #sherrihillpolska",28309,1587,224,110.0
everafter_prom,https://www.instagram.com/p/DNdspQnNVE5/,163,1,0,"We are open at both locations today!! Come shop for your homecoming dress or tuxedo! We canâ€™t wait to help you! 

Carrollton: 1-5 GA time 
Ranburne: 1-4 AL time 

#businesshours #sherrihill #sherrihilldress #sherrihillprom #bluedress #cutouts #ruffles",4190,1132,325,165.0
jabilikandula,https://www.instagram.com/p/DNeCSkRy2Ht/,3,58,0,"You must make haste!

Styled by @castlecouture @gracestrauchh in @sherrihill 57249 for @missnyusa @missnyteenusa 

#sherrihill",7433,224,1625,119.0
notmegant,https://www.instagram.com/p/DNdmGuARmnG/,3,75,0,"When the Couture is the Canvas âœ¨

Love the dress? Check out this gorgeous @sherrihill dress and so many more at @aa2remember in Lagrange Ga! Use code Megan25 for $$ off! 
#sherrihill  #aa2remember #aa2rambassador #lagrangega #beunforgettable #prom #homecoming #promdress #hocodress 
ğŸ“¸ @tay10r.s",1573,14,1561,153.0
coastalcamelliapageantco,https://www.instagram.com/p/DNa1e951WCM/,6,1,0,"NEW ARRIVAL from Ava Presley ğŸ‰ BIG HOMECOMING EVENT Saturday and Sunday! ğŸ‘—ğŸ’–

ğŸ’–FREE gift with every dress purchase!
ğŸ’µ Discounts on all shoes, jewelry, and accessories! 
ğŸ—³ï¸Free dress and prize package giveaway! One entry for every $100 you soend 

The free gift is SO CUTE, and you will get discounts on all jewelry, shoes, and accessories ! Plus, the giveaways are ğŸ”¥! 

No appointments necessary ! 
â°Saturday 10-4
Sunday 1-4 
Wednesday -Friday 4-6

ğŸ‘— We have hundreds of NEW styles in all sizes and price ranges available NOW and even more arriving daily including Sherri Hill, Ava Presley, Johnathan Kayne, Ashley Lauren, Jovani, and more! 

ğŸ’»Shop online anytime at www.coastalcamellia.com 

ğŸ›ï¸ New shipments arriving daily! 

ğŸ’— ğŸ‘— ğŸ’—ğŸ‘‘ We are THE place for pageant dresses, Hoco, cocktail dresses, prom and all things formal for girls of ALL ages and sizes- baby to plus! 

ğŸ‘— We sell the brands you love like Sherri Hill, Sherri Hill Littles, Sugar Kayne, Johnathan Kayne, Ava Presley, Ashley Lauren, Jovani, Tiffany, and 2 Cute PLUS our own custom Coastal Camellia Couture that canâ€™t be found anywhere else! We offer in store shopping and we ship dresses we sell, too! ğŸ›ï¸ğŸ“¦ Check out the albums under photos to see even more! We can even special order and customize ! 

ğŸ’We offer jewelry, accessories, shoes, and so much more! We are your one stop shop for your formal occasions! With brands like Jim Ball and Stefani Somers, you will find the perfect match to your dream gown! 

ğŸ‘‘ Our Coastal Camellia team canâ€™t wait to help your girl feel like a princess! ğŸ’—ğŸ‘— 

â°No Appointments Necessary! 
Open Wednesday-Friday 4-6
Saturday 10-4
Sunday 1-4

ğŸ“914 N McKenzie Street, Foley, Alabama

#coastalcamellia  #weloveourcustomers #pageantdressesforkids #sayyestothedress #sherrihilldresses #sherrihillprom #pageant

ğŸ“ Coastal Camellia Pageant Company and FormalWear
#SherriHill #HomecomingReady #PastelPerfection #CoastalCamelliaStyle #FormalwearGoals #FormalWearGoals",364,350,180,8.0
kensi_by_hutsonpark,https://www.instagram.com/p/DNSsHXYO1CX/,10,1,0,"Thank you @terrycostaprom @terrycostateenboard for your support in introducing this beauty!  #terrycostadallas #terrycostaprom #terrycosta #sherrihill @sherrihill @sherrihillprom #sherrihillprom 

@studio1.photo really outdid themselves with this magical moment!  Thank you, Victor and team!

#kensi 
#hutsonpark 
@kensi_by_hutsonpark 
@hutsonpark 
bonnie@hutsonpark.com",66,36,154,12.0
justblye,https://www.instagram.com/p/DNL_ls3vQML/,3,11,0,"@sherrihill matching sets are now my personalityğŸ€
.
.
.
#sherrihill #sherrihillprom #sherrihillpromdress #prom #promdresses #prommakeup #dress #atlanta #atl #atlantamodels #atlantamarket #americasmartatlanta #sherrihillcouture #sherrihillgirl",2600,113,1141,25.0
trafficjamboutique,https://www.instagram.com/p/DNCElM_s2eW/,86,10,0,"ğŸš¨BIG NEWS, BESTIES!!ğŸš¨

Weâ€™re officially carrying SHERRI HILL for the Prom 2026 season!!! ğŸ˜âœ¨

The dresses youâ€™ve been dreaming of are COMING and weâ€™re freaking out (in the best way possible). Get ready for glam, sparkle, and major main character energy ğŸ’ƒğŸ’

Let the countdown beginâ€¦ ğŸ‰

-TJB TEAMğŸ’‹
#prom #prom26 #prom2026 #promseason #promdresses #promdress #promnight #promlook #promszn #promshop #promshopping #proms #promdressshopping #sherri #sherrill #sherrihilldress #sherrihillprom #sherrihilldresses #tjb #trafficjam #trafficjamboutique #downriver #downrivermi #wyandotte #michigan #mi #downrivivermichigan #classof2026 #classof26 #downtownwyandotte",3747,1551,4459,106.0
adilynnsformals,https://www.instagram.com/p/DND7faiswAu/,55,10,0,"Prom memories âœ¨ Ambassador Edition!

Buna Ambassador @danaerobin20 was a total vision in her @sherrihill gown! Are you ready to turn heads and dance the night away with your besties? ğŸ’ƒâœ¨Find your dream 2026 prom gown at Adilynnâ€™s!

Pssst... Ambassador Applications are dropping soon! Tag a junior or senior who should totally apply! ğŸ’–
.
.
.
#adilynnsformals #dressinuptx  ##adilynnsambassador  #adilynnspromgirls #adilynnspromrunway  #fyp #promdresses #prom2026 #setxprom #setxpromdress #setxpromstore # #ifoundthegownatadilynns #sherrihill #sherrihillprom #elliewildeofficial #portiaandscarlett",2482,298,162,75.0
misscharlotteteennc,https://www.instagram.com/p/DMwbsl9NTAY/,112,8,0,"Forever thankful for this moment and this girlğŸ’™

Josie, I couldnâ€™t have asked for a better first Miss. You held my hand (literally and figuratively) through every step of Miss NC week, and I felt so loved, supported, and encouraged the entire time. Your kindness, strength, and sparkle made this experience unforgettableâ€”and Iâ€™m just so lucky you were the one standing beside me for it all. ğŸ’«

Love you endlesslyğŸ¤â™¾ï¸

ğŸ“¸: @therealpageantpics 
ğŸ’„: @mharrisbeauty 
ğŸ‘—: @sherrihill 
.
.
.
.
.
#misscharlotteteen #missncorg #missamerica #missamericasteen #sherrihill #sherrihillprom #pageants #charlotte #charlottenc #clt #mao",1019,239,1637,128.0
bocagevillage,https://www.instagram.com/p/DMyO5hhviu-/,3,0,0,"Exciting news! Your favorite Sherri Hill pattern has just landed at Talk Formals! Get ready to fall in love all over again!ğŸ©·
.
#bocagevillage #bocage #bocagevillageshoppingcenter #shoplocal #shopbocage #shop225 #giftshopping #sherrihilldress #sherrihillprom #talkformals #talkformalsbr",1436,8824,1193,3.0
mia.beth__,https://www.instagram.com/p/DNZnUmgB2iS/,318,35,0,"â¤ï¸ When the dress does all the talking

Dress @sherrihill @terrycostaprom 
Shoes @novoshoes 
Makeup @stefbond_makeup 
Hair @hairby_kaitlynpotter 

.
.
.
#fashionmodel #modellife #runwaymodel #runwayready #sherrihill #sherrihilldress #slaythelook #viraldress #á´›Ê€á´‡É´á´…á´€ÊŸá´‡Ê€á´› #styletok #styleinspo #promdress #formaldress #viralsherrihill",42259,162,4813,388.0
ofseventycouture,https://www.instagram.com/p/DNKIhpNRAIb/,5,0,0,"Layers of elegance, a touch of romance âœ¨ This Sherri Hill Fall-Winter masterpiece features a structured bodice with crystal accents and cascading ruffle tiers in dreamy lilac, perfect for making an unforgettable entrance.

ğŸ“ OFSEVENTY
5240 West Charleston Boulevard, Unit 110, Las Vegas, Nevada, 89146
ğŸ“ +1 702 476 9672

#sherrihill #sherrihill2025 #sherrihillstyle #sherrihillfashion #sherrihillfw2025 #sherrihilldress #sherrihillcollection #sherrihillcouture #sherrihillofficial #sherrihillgown",1016,57,28,5.0
prompageantcouture,https://www.instagram.com/p/DNV9lLARzge/,33,1,0,"Shop the largest selection of HOCO dresses at Prom Pageant Couture! ğŸ©µ
Located in Altamonte Springs, FL ğŸ«¶ğŸ¼
#hoco #hocodress #hoco2025 #homecoming #homecomingdress #sherrihill #sherrihilldress #florida #altamontesprings",10650,1163,119,35.0
therightfitnj,https://www.instagram.com/p/DNDP_yCR8pd/,3,0,0,Pageant gowns in stock now at The Right Fit!âœ¨ğŸ‘‘ Call us at ğŸ“ 856-269-4339 to secure your shopping appointment today!ğŸ’œ #therightfit #nj #explore #explorepage #dressstore #dress #dressshopping #dressshop #shopwithus #shop #pageant #pageantdress #pageantdresses #sherrihill #sherrihilldress #sherrihilldresses #sherrihillpageant,6110,3966,695,3.0
neewinalteration,https://www.instagram.com/p/DM3Dxa6pHEj/,3,0,0,"Saturday we are working on this @sherrihill gown for a black tie event ğŸ–¤

#blacktie #sherrihilldress #tailor",509,158,0,3.0
whatchamacallitboutique,https://www.instagram.com/p/DM23oiBMsJP/,3,1,0,"Come get it while itâ€™s in stockğŸ¤ğŸ’™ #WhatchamaCallitBoutique #LargestDressStoreInTexas #SherriHill 

#hoco2025 #homecoming #homecomingdress #sherrihilldress #dallas #dfw #corsetdress",59915,3633,774,5.0
joannsoftennessee,https://www.instagram.com/p/DM3V4KrxkLz/,41,1,0,"ğŸ“£ Itâ€™s HOMECOMING time ğŸ“£ 
We have a variety of #sherrihill animal print cocktail dresses ğŸ† 
.
.
.
.
#sherrihilldress #sherrihilldress #cocktaildress #pageant #homecoming #homecomingdress #homecomingweek #joannsoftennessee",21948,2053,967,43.0
purecoutureprom,https://www.instagram.com/p/DMtMzpySx8B/,174,0,0,"Blue on blue on blue ğŸ’™ We canâ€™t get enough of this print! In- store now! We recommend reserving a fitting room ( ğŸ”— in bio!) to avoid wait times!
.
.
.
#purecouture #pureprom #sherrihill #sherrihilldress #hoco #homecomingdress",33917,5840,83,174.0
henriscloud9,https://www.instagram.com/p/DMs4bnYvuYB/,129,6,0,"Dresses as iconic as your duo ğŸ’«ğŸ€

This isnâ€™t just dress shoppingâ€”itâ€™s an event ğŸ’– Grab your bestie and meet us at Henriâ€™s Aug 9thâ€“10th for the HOCO Kickoff Party ğŸ‘—ğŸ‰

#hoco #henrisgirls #hocoparty #fyp #hocodress #dreamdress #henriscloudnine #sherrihill #sherrihilldress #blackdress #bows",73099,8961,1005,141.0
gautierdresses,https://www.instagram.com/p/DMtE0GKhwaM/,22,0,0,"With or without bows?  HOMECOMING 2025 âœ¨ @gautierdresses 

Purchase in store or online 
www.gautierdresses.com 

#homecoming #sherrihilldress #gautierdresses",182298,3739,33,22.0
faulkenberys_tennessee,https://www.instagram.com/p/DMipWUZupmj/,17,0,0,"Get ready for homecoming in this!âœ¨ğŸ¤©

Sherri Hill style no. 56438
Size 2 in gold
$398

ğŸ“Selmer, TN
Sunday-Tuesday: Closed
Wednesday-Friday: 12-5
Saturday 10-2
After hours and closed day shopping available by calling 731-439-3271!

#sherrihill #viral #lookgood #feelgood #sherrihilldress #shopfaulkenberys #faulkenberystn #faulkenberys #faulkenberysgirl #pageant #pageantdress #prom #prom25 #promseason2025 #homecoming #homecoming2025 #promdress #charityball #formalstore #winterformal #layaway #layawayavailable #faulkenberysgirl #takemetofaulkenberys",8371,3693,7431,17.0
dennismadigan,https://www.instagram.com/p/DMp0GYoR6im/,14,14,0,"Beauty is a light in the Heart â¤ï¸ ğŸ€ğŸğŸ˜‡ğŸ¶. Model @ornmeyer , photography @dennismadigan , designer @sherrihill , magazine @beauticamagazine #frontcover #yellowflowers #yellow #yellowdress #sherrihilldress #beautica",33528,694,2870,42.0
missilteenusa,https://www.instagram.com/p/DMNciqhO1uL/,41,2,0,"Flew into Atlanta with the âœ¨DREAM TEAM to secure my Miss Teen USA evening gown! I could not be more grateful to have @johnvannattajr @thepaigedennis and @sherrihill by my side the whole time. An extra special shoutout to @thepaigedennis and @joannsoftennessee for your generous gown sponsorship and helping me create the perfect gown! You are the absolute best and I canâ€™t wait to wear this jaw dropping design on stage. 

#missilteenusa #missteenusa #missusa #missuniverse #vanbrosgirls #takethecrown #sherrihill #eveninggown #sherrihilldress #joannsoftennessee",4767,1464,634,45.0
shoptwirl,https://www.instagram.com/p/DMWQYOXsk8X/,311,2,0,"Everyone always asks me what my favorite part of my job isâ€¦ itâ€™s meeting all of YOU! ğŸ«¶ğŸ¼ We love being able to assist you, one-on-one, to find the perfect homecoming dress! ğŸ’˜ 

Whether youâ€™re a freshman and have no idea where to begin through a senior trying to find the perfect final dress, WE GOT YOU! âœ¨

Shop hundreds of designer homecoming dresses in store or online today! 
 ğŸ’Ÿ Sherri Hill, Ashley Lauren, Faviana, Johnathan Kayne, Kate Parker, and our Private Label, Lucca Ray by Twirl Prom. 
ğŸ’«Sizes: 000-28
ğŸ¤Prices: $99-$998 +|-
ğŸ“Kenton, OH | 101 N Detroit St 
ğŸ“± Shop Online 24/7: shoptwirl.com 
#homecoming #sherrihill #sherrihilldress  #homecomingdress #hocoinspo",50454,4989,1940,315.0
thesequinsiren,https://www.instagram.com/p/DMNgn9ws4hZ/,43,0,0,"ğŸŒ»SHERRI HILLğŸŒ»
â€œI only have eyes for youâ€ ğŸ˜ 
Call 228-234-9400 for price & info

#sherrihill #yellowdress #yellowhocodress #yellowhomecomingdress #sherrihilldress #sherrihillviraldress #trendinghocodress #viralhocodress #shophomecoming #theperfectdress",6993,1389,7486,43.0
americasidealmiss.cateen,https://www.instagram.com/p/DMb01vfsyNu/,3,3,0,"Saying goodnight to day 2 of IDEAL Nationals ğŸ¤
Itâ€™s been a long but fun day full of partying and practicing. 
Our kickoff party in our @sherrihill dresses from @lastingimpressionsformalwear was nothing short of amazing and taking part in the Sherri Hill model search has been an incredible opportunity! 

Thank you to @makeupbymegdtx for my hair and makeup ğŸ«¶ğŸ»
and a big thank you to @americasidealmiss and my sister queens for making this day one to remember! 

-

#americasIDEALmiss #IDEAL2025nationals #IDEALmiss #belDEALlyyou #IDEALpageantgirl #settingthestageforlife #nationalpageant #sherrihill #sherrihilldress #cagirl #californiastyle #photooftheday",819,184,891,9.0
graceann.robertson,https://www.instagram.com/p/DJjsofnxr4K/,3,110,0,". âŠ¹ à£ª Ë–finally the prom postâ‹†. ğ™š Ëš
#sherrihill #promdresses #prom2025 #sherrihillprom #sherrihilldress #sherrihillcouture",2235,55,1973,223.0
hermz_,https://www.instagram.com/p/DL5ZYK9PHop/,3,1,0,"FairytaleğŸ§šâ€â™€ï¸ğŸ¤ğŸ©µ

Hermz Girl: @_avacharbonneau 
Dress: Sherri Hill

#hermzgirl #sherrihilldress #hermzboutique #viraldress #blueandwhitedress #sherrihillstyl #ballgown #eveninggown #ruffledress",12152,4319,3508,5.0
townsend.blackwell,https://www.instagram.com/p/DMAqD99Mttj/,3,39,0,"Busy week in the officeğŸŒ¸

#sherrihill #austin #model #prom #pageant #sherrigirl #dress #sherrihilldress #sherrihillcouture",4259,388,1107,81.0
thepromshoppe,https://www.instagram.com/p/DL0yZyyuqGH/,49,0,0,"Sherri Hill at The Prom Shoppe ğŸ’Œ 

@sherrihill #sherrihill #sherrihilldress #sherrihillhomecoming",8889,8637,476,49.0
mizz_heather95,https://www.instagram.com/p/DLYT3zuR2Q0/,162,5,0,"So many incredible women in one place, must be a pageant! Miss Texas prelims night 2 was amazing, congrats to all the girls one that stage, you should ALL be so proud of yourself and what you have accomplished!
Lived seeing everyone and making friends!

#pageantry #sherrihill #terrycosta #misstexas #misstexasteen #pageants #pageantgirl #amb #missrepublicoftexas #missamericaorganization #cocktaildress #ballerinavibes #sherrihilldress #pinkbrocade #pageantlife",5026,417,2516,172.0
misssanantoniotx,https://www.instagram.com/p/DLYDMNmxkCT/,3,0,0,"â—ï¸Wake up. New dropâ—ï¸The new Fall 2025 Sherri Hill Collection is available at Terry Costa online!
â€¢
â€¢
â€¢
Â  #misssanantonio #missamericatx #terrycostastyle #sherrihill2025 #terrycosta #missamericaopportunity #misstexas #misstexasteen",540,124,278,3.0
poffieprom,https://www.instagram.com/p/DMBLBITvnk3/,3,4,0,"Flirty and floral for HOCO 2025 ğŸŒ¸ğŸ’– These Sherri Hill stunners were made for a homecoming entrance theyâ€™ll never forget. Which one is your fave? ğŸ‘›âœ¨

#sherrihill #homecoming #sherrihill2025 #sherrihillhoco #homecomingdress #fashion #homecomingshoppong #hocoshopping #homecominglook",8281,772,2138,11.0
miss_shermantx,https://www.instagram.com/p/DLXvBu-Rc20/,122,11,0,"The Sherri hill Fall 2025 collection just dropped online!! Visit Terry costa 
www.terrycosta.com to shop this look!!

#sherrihill2025#terrycosta#missTexas 

@misstexasorg @misstexas @missamerica @terrycosta",259,23,165,144.0
glamourformals,https://www.instagram.com/p/DFVZz_kRwtB/,426,7,0,"Never enough SPARKLE ğŸª©âœ¨

All the must-have PROM 2025 styles are here! ğŸ’•Come try on your favorite @sherrihill styles in sizes 000-26!
HoursğŸ¤Mon-Fri 12-7, Sat 10-6, Sun 12-5

#sherrihill #sherrihillprom #sherrihill2025 #prom #promdresses #promdressshopping #promdressinspo #glamourformals",17234,954,2315,440.0
promusa,https://www.instagram.com/p/DDAah_dxlOr/,3,0,0,"Umm, did Arielâ€™s prom dress accidentally get delivered to us? This gown is serving major under the sea vibes! ğŸ§œâ€â™€ï¸ğŸšğŸª¸
#promusa #sherrihill #sherrihill2025 #prom2025",7520,1941,3839,3.0
shopfaulkenberys,https://www.instagram.com/p/DCUvA6Mp5fO/,42,0,0,"POPULAR!! Youâ€™re gonna be popular!! ğŸ’•âœ¨

Sherri Hill 56522 $950
chartreuse size 8

Sherri Hill 56432 $498
Fuchsia size 4

 #shopfaulkenberys #homecoming #homecoming24 #homecoming2024 #pageant #homecomingdresses #wedressthebest #faulkenberysgirls  #faulkenberysgirl#weloveourgirls #comeshopwithus #weloveourcustomers #weship #pageant2024 #pageant24 #largestinventory #22dressingrooms #faulkenberysinphilly #sherrihill #sherrihillatfaulkenberys #sherrihill2024 #sherrihill24 #sherrihill25 #sherrihill2025 #wicked #wickedmovie #wickedthemusical",77687,47330,7270,42.0
